ASOCT_NAME,X_LEFT,Y_LEFT,X_RIGHT,Y_RIGHT
V0001.jpg,223.0,484.99,1795.0,434.34
V0002.jpg,275.0,453.1,1913.0,477.49
V0003.jpg,241.0,522.51,1881.0,460.61
V0004.jpg,267.0,736.37,1887.0,783.27
V0005.jpg,261.0,477.49,1881.0,498.12
V0006.jpg,255.0,518.76,1865.0,479.36
V0007.jpg,197.0,492.5,1849.0,438.09
V0008.jpg,319.0,612.56,1873.0,531.89
V0009.jpg,249.0,815.16,1915.0,768.26
V0010.jpg,215.0,531.89,1807.0,428.71
V0011.jpg,267.0,522.51,1799.0,385.57
V0012.jpg,271.0,466.23,1871.0,424.96
V0013.jpg,247.0,775.76,1867.0,826.41
V0014.jpg,259.0,451.23,1893.0,475.61
V0015.jpg,301.0,773.89,1917.0,785.14
V0016.jpg,253.0,484.99,1899.0,424.96
V0017.jpg,197.0,757.0,1887.0,749.5
V0018.jpg,315.0,426.84,1891.0,466.23
V0019.jpg,239.0,460.61,1875.0,490.62
V0020.jpg,233.0,760.76,1885.0,738.24
V0021.jpg,241.0,483.12,1899.0,479.36
V0022.jpg,337.0,421.21,1871.0,520.64
V0023.jpg,321.0,430.59,1833.0,439.97
V0024.jpg,279.0,460.61,1871.0,505.63
V0025.jpg,295.0,738.24,1881.0,803.9
V0026.jpg,243.0,492.5,1825.0,415.58
V0027.jpg,271.0,742.0,1889.0,743.87
V0028.jpg,283.0,434.34,1913.0,492.5
V0029.jpg,169.0,511.26,1819.0,419.33
V0030.jpg,215.0,490.62,1795.0,426.84
V0031.jpg,249.0,803.9,1887.0,751.38
V0032.jpg,329.0,511.26,1969.0,569.41
V0033.jpg,205.0,803.9,1877.0,728.86
V0034.jpg,305.0,762.63,1919.0,783.27
V0035.jpg,309.0,505.63,1949.0,419.33
V0036.jpg,393.0,357.43,1801.0,479.36
V0037.jpg,197.0,848.92,1919.0,770.14
V0038.jpg,215.0,845.17,1879.0,768.26
V0039.jpg,261.0,484.99,1849.0,434.34
V0040.jpg,325.0,406.2,1813.0,449.35
V0041.jpg,243.0,792.65,1911.0,792.65
V0042.jpg,259.0,818.91,1815.0,766.38
V0043.jpg,221.0,500.0,1851.0,417.46
V0044.jpg,233.0,818.91,1883.0,742.0
V0045.jpg,299.0,732.62,1907.0,721.36
V0046.jpg,199.0,848.92,1861.0,772.01
V0047.jpg,353.0,456.85,1979.0,438.09
V0048.jpg,285.0,535.64,1863.0,439.97
V0049.jpg,353.0,378.06,1889.0,515.01
V0050.jpg,233.0,500.0,1903.0,423.09
V0051.jpg,189.0,830.17,1851.0,760.76
V0052.jpg,179.0,513.13,1773.0,428.71
V0053.jpg,223.0,503.75,1815.0,428.71
V0054.jpg,265.0,426.84,1947.0,488.74
V0055.jpg,191.0,515.01,1845.0,462.48
V0056.jpg,205.0,550.65,1875.0,477.49
V0057.jpg,245.0,469.98,1825.0,447.47
V0058.jpg,245.0,500.0,1815.0,400.58
V0059.jpg,351.0,423.09,1947.0,501.88
V0060.jpg,195.0,503.75,1857.0,430.59
V0061.jpg,181.0,522.51,1859.0,460.61
V0062.jpg,207.0,832.04,1829.0,728.86
V0063.jpg,247.0,753.25,1945.0,788.89
V0064.jpg,305.0,441.85,1893.0,513.13
V0065.jpg,229.0,479.36,1783.0,387.44
V0066.jpg,195.0,535.64,1841.0,441.85
V0067.jpg,319.0,515.01,1887.0,471.86
V0068.jpg,267.0,764.51,1901.0,837.67
V0069.jpg,251.0,560.03,1883.0,496.25
V0070.jpg,221.0,520.64,1901.0,484.99
V0071.jpg,319.0,438.09,1901.0,500.0
V0072.jpg,233.0,503.75,1887.0,419.33
V0073.jpg,263.0,807.65,1843.0,785.14
V0074.jpg,233.0,479.36,1885.0,449.35
V0075.jpg,269.0,620.06,1817.0,515.01
V0076.jpg,291.0,507.5,1915.0,524.39
V0077.jpg,229.0,781.39,1823.0,719.48
V0078.jpg,323.0,469.98,1943.0,507.5
V0079.jpg,197.0,515.01,1865.0,445.6
V0080.jpg,263.0,762.63,1839.0,706.35
V0081.jpg,257.0,488.74,1833.0,408.08
V0082.jpg,211.0,541.27,1873.0,479.36
V0083.jpg,275.0,477.49,1977.0,516.88
V0084.jpg,209.0,515.01,1855.0,458.73
V0085.jpg,215.0,856.43,1897.0,768.26
V0086.jpg,249.0,717.61,1895.0,773.89
V0087.jpg,175.0,535.64,1865.0,424.96
V0088.jpg,227.0,501.88,1825.0,434.34
V0089.jpg,327.0,481.24,1845.0,550.65
V0090.jpg,247.0,770.14,1889.0,680.09
V0091.jpg,249.0,503.75,1811.0,419.33
V0092.jpg,215.0,543.15,1807.0,447.47
V0093.jpg,293.0,432.47,1853.0,479.36
V0094.jpg,265.0,828.29,1845.0,792.65
V0095.jpg,271.0,777.64,1885.0,775.76
V0096.jpg,265.0,768.26,1877.0,758.88
V0097.jpg,213.0,522.51,1825.0,447.47
V0098.jpg,271.0,443.72,1873.0,475.61
V0099.jpg,249.0,477.49,1887.0,486.87
V0100.jpg,267.0,494.37,1865.0,439.97
V0101.jpg,227.0,785.14,1901.0,809.53
V0102.jpg,261.0,483.12,1847.0,426.84
V0103.jpg,255.0,486.87,1879.0,409.95
V0104.jpg,211.0,503.75,1827.0,445.6
V0105.jpg,197.0,471.86,1841.0,408.08
V0106.jpg,239.0,815.16,1863.0,757.0
V0107.jpg,223.0,473.74,1875.0,464.36
V0108.jpg,257.0,576.91,1779.0,484.99
V0109.jpg,209.0,528.14,1835.0,449.35
V0110.jpg,353.0,490.62,1741.0,394.95
V0111.jpg,147.0,809.53,1885.0,734.49
V0112.jpg,305.0,434.34,1829.0,464.36
V0113.jpg,239.0,798.27,1855.0,745.75
V0114.jpg,345.0,423.09,1895.0,500.0
V0115.jpg,235.0,469.98,1865.0,449.35
V0116.jpg,311.0,413.71,1837.0,421.21
V0117.jpg,147.0,813.28,1857.0,711.98
V0118.jpg,239.0,530.02,1857.0,445.6
V0119.jpg,337.0,471.86,1949.0,539.39
V0120.jpg,271.0,484.99,1779.0,370.56
V0121.jpg,207.0,500.0,1851.0,441.85
V0122.jpg,241.0,775.76,1919.0,800.15
V0123.jpg,201.0,496.25,1851.0,468.11
V0124.jpg,289.0,415.58,1893.0,507.5
V0125.jpg,275.0,757.0,1849.0,721.36
V0126.jpg,217.0,505.63,1843.0,438.09
V0127.jpg,239.0,530.02,1821.0,445.6
V0128.jpg,171.0,807.65,1917.0,800.15
V0129.jpg,231.0,498.12,1907.0,409.95
V0130.jpg,367.0,419.33,1949.0,496.25
V0131.jpg,247.0,516.88,1791.0,368.68
V0132.jpg,193.0,516.88,1711.0,406.2
V0133.jpg,277.0,747.62,1889.0,803.9
V0134.jpg,201.0,852.68,1883.0,781.39
V0135.jpg,261.0,481.24,1843.0,413.71
V0136.jpg,289.0,458.73,1881.0,449.35
V0137.jpg,341.0,454.98,1867.0,513.13
V0138.jpg,377.0,394.95,1911.0,522.51
V0139.jpg,247.0,820.79,1907.0,764.51
V0140.jpg,211.0,809.53,1879.0,788.89
V0141.jpg,191.0,486.87,1815.0,393.07
V0142.jpg,165.0,822.66,1925.0,730.74
V0143.jpg,241.0,539.39,1845.0,443.72
V0144.jpg,303.0,424.96,1891.0,526.26
V0145.jpg,255.0,757.0,1813.0,721.36
V0146.jpg,253.0,770.14,1899.0,845.17
V0147.jpg,239.0,545.02,1865.0,438.09
V0148.jpg,223.0,773.89,1899.0,775.76
V0149.jpg,183.0,546.9,1795.0,421.21
V0150.jpg,221.0,518.76,1923.0,494.37
V0151.jpg,183.0,541.27,1795.0,402.45
V0152.jpg,229.0,787.02,1875.0,747.62
V0153.jpg,229.0,530.02,1935.0,496.25
V0154.jpg,287.0,749.5,1879.0,809.53
V0155.jpg,267.0,743.87,1907.0,818.91
V0156.jpg,219.0,486.87,1897.0,469.98
V0157.jpg,309.0,421.21,1799.0,447.47
V0158.jpg,293.0,404.33,1953.0,498.12
V0159.jpg,299.0,454.98,1867.0,464.36
V0160.jpg,321.0,376.19,1953.0,492.5
V0161.jpg,239.0,817.03,1887.0,760.76
V0162.jpg,209.0,828.29,1893.0,794.52
V0163.jpg,263.0,477.49,1847.0,469.98
V0164.jpg,217.0,830.17,1847.0,751.38
V0165.jpg,225.0,785.14,1883.0,747.62
V0166.jpg,245.0,792.65,1903.0,773.89
V0167.jpg,309.0,475.61,1861.0,443.72
V0168.jpg,357.0,432.47,1975.0,539.39
V0169.jpg,257.0,486.87,1747.0,372.44
V0170.jpg,179.0,526.26,1877.0,460.61
V0171.jpg,207.0,826.41,1883.0,770.14
V0172.jpg,219.0,505.63,1865.0,466.23
V0173.jpg,253.0,563.78,1883.0,500.0
V0174.jpg,287.0,411.83,1895.0,501.88
V0175.jpg,215.0,501.88,1877.0,469.98
V0176.jpg,221.0,524.39,1865.0,466.23
V0177.jpg,311.0,436.22,1979.0,535.64
V0178.jpg,251.0,443.72,1877.0,486.87
V0179.jpg,211.0,490.62,1873.0,471.86
V0180.jpg,349.0,415.58,1917.0,481.24
V0181.jpg,213.0,522.51,1819.0,424.96
V0182.jpg,255.0,805.78,1895.0,758.88
V0183.jpg,303.0,430.59,1879.0,516.88
V0184.jpg,293.0,483.12,1903.0,496.25
V0185.jpg,277.0,721.36,1879.0,777.64
V0186.jpg,247.0,554.4,1861.0,460.61
V0187.jpg,277.0,779.52,1917.0,772.01
V0188.jpg,249.0,770.14,1885.0,833.92
V0189.jpg,281.0,438.09,1899.0,484.99
V0190.jpg,165.0,824.54,1879.0,777.64
V0191.jpg,197.0,845.17,1897.0,790.77
V0192.jpg,245.0,488.74,1875.0,426.84
V0193.jpg,193.0,535.64,1829.0,413.71
V0194.jpg,261.0,820.79,1837.0,779.52
V0195.jpg,229.0,820.79,1869.0,764.51
V0196.jpg,231.0,471.86,1821.0,430.59
V0197.jpg,231.0,507.5,1805.0,423.09
V0198.jpg,265.0,443.72,1859.0,447.47
V0199.jpg,219.0,477.49,1811.0,406.2
V0200.jpg,155.0,541.27,1859.0,424.96
V0201.jpg,273.0,394.95,1885.0,500.0
V0202.jpg,231.0,471.86,1845.0,434.34
V0203.jpg,203.0,807.65,1861.0,807.65
V0204.jpg,289.0,728.86,1893.0,788.89
V0205.jpg,265.0,805.78,1899.0,787.02
V0206.jpg,291.0,796.4,1847.0,787.02
V0207.jpg,189.0,543.15,1819.0,434.34
V0208.jpg,281.0,454.98,1869.0,439.97
V0209.jpg,361.0,387.44,1875.0,511.26
V0210.jpg,255.0,498.12,1865.0,443.72
V0211.jpg,271.0,518.76,1899.0,466.23
V0212.jpg,257.0,438.09,1927.0,473.74
V0213.jpg,275.0,518.76,1887.0,520.64
V0214.jpg,207.0,537.52,1813.0,436.22
V0215.jpg,313.0,481.24,1905.0,492.5
V0216.jpg,235.0,533.77,1839.0,460.61
V0217.jpg,235.0,484.99,1789.0,409.95
V0218.jpg,235.0,513.13,1741.0,374.31
V0219.jpg,241.0,484.99,1755.0,389.32
V0220.jpg,315.0,479.36,1879.0,462.48
V0221.jpg,343.0,458.73,1925.0,520.64
V0222.jpg,231.0,522.51,1799.0,441.85
V0223.jpg,287.0,441.85,1905.0,477.49
V0224.jpg,287.0,505.63,1821.0,503.75
V0225.jpg,269.0,807.65,1805.0,751.38
V0226.jpg,223.0,584.42,1835.0,460.61
V0227.jpg,287.0,743.87,1889.0,760.76
V0228.jpg,235.0,483.12,1831.0,398.7
V0229.jpg,233.0,755.13,1911.0,811.41
V0230.jpg,289.0,610.68,1835.0,516.88
V0231.jpg,233.0,500.0,1845.0,411.83
V0232.jpg,171.0,817.03,1955.0,770.14
V0233.jpg,199.0,473.74,1853.0,424.96
V0234.jpg,215.0,803.9,1863.0,803.9
V0235.jpg,259.0,809.53,1905.0,764.51
V0236.jpg,197.0,817.03,1857.0,751.38
V0237.jpg,277.0,454.98,1841.0,460.61
V0238.jpg,225.0,447.47,1873.0,454.98
V0239.jpg,255.0,486.87,1861.0,483.12
V0240.jpg,273.0,796.4,1883.0,749.5
V0241.jpg,227.0,788.89,1829.0,717.61
V0242.jpg,233.0,468.11,1875.0,443.72
V0243.jpg,299.0,447.47,1909.0,518.76
V0244.jpg,221.0,494.37,1765.0,439.97
V0245.jpg,227.0,753.25,1889.0,777.64
V0246.jpg,231.0,496.25,1829.0,436.22
V0247.jpg,189.0,852.68,1903.0,794.52
V0248.jpg,195.0,488.74,1805.0,404.33
V0249.jpg,207.0,578.79,1869.0,507.5
V0250.jpg,169.0,539.39,1861.0,454.98
V0251.jpg,177.0,515.01,1801.0,394.95
V0252.jpg,275.0,443.72,1887.0,509.38
V0253.jpg,289.0,468.11,1879.0,496.25
V0254.jpg,283.0,479.36,1839.0,445.6
V0255.jpg,243.0,486.87,1903.0,438.09
V0256.jpg,149.0,552.53,1881.0,468.11
V0257.jpg,147.0,845.17,1911.0,809.53
V0258.jpg,257.0,766.38,1895.0,794.52
V0259.jpg,333.0,415.58,1905.0,483.12
V0260.jpg,239.0,764.51,1881.0,676.34
V0261.jpg,225.0,533.77,1831.0,434.34
V0262.jpg,209.0,798.27,1911.0,833.92
V0263.jpg,243.0,623.81,1785.0,505.63
V0264.jpg,189.0,498.12,1865.0,475.61
V0265.jpg,183.0,833.92,1911.0,803.9
V0266.jpg,231.0,770.14,1871.0,807.65
V0267.jpg,231.0,546.9,1831.0,445.6
V0268.jpg,285.0,498.12,1897.0,530.02
V0269.jpg,237.0,824.54,1897.0,762.63
V0270.jpg,263.0,484.99,1849.0,428.71
V0271.jpg,271.0,524.39,1883.0,460.61
V0272.jpg,201.0,520.64,1883.0,426.84
V0273.jpg,217.0,479.36,1813.0,421.21
V0274.jpg,247.0,824.54,1819.0,680.09
V0275.jpg,209.0,518.76,1847.0,449.35
V0276.jpg,267.0,751.38,1883.0,815.16
V0277.jpg,199.0,535.64,1871.0,432.47
V0278.jpg,255.0,498.12,1791.0,385.57
V0279.jpg,205.0,500.0,1805.0,438.09
V0280.jpg,289.0,454.98,1909.0,387.44
V0281.jpg,313.0,509.38,1931.0,486.87
V0282.jpg,217.0,805.78,1877.0,753.25
V0283.jpg,217.0,500.0,1837.0,434.34
V0284.jpg,235.0,515.01,1827.0,430.59
V0285.jpg,319.0,473.74,1923.0,507.5
V0286.jpg,269.0,443.72,1879.0,479.36
V0287.jpg,215.0,535.64,1863.0,473.74
V0288.jpg,319.0,764.51,1855.0,775.76
V0289.jpg,243.0,484.99,1809.0,398.7
V0290.jpg,289.0,743.87,1885.0,809.53
V0291.jpg,257.0,794.52,1851.0,790.77
V0292.jpg,317.0,402.45,1855.0,484.99
V0293.jpg,277.0,505.63,1905.0,447.47
V0294.jpg,313.0,434.34,1861.0,468.11
V0295.jpg,153.0,807.65,1881.0,717.61
V0296.jpg,239.0,751.38,1887.0,830.17
V0297.jpg,199.0,837.67,1875.0,755.13
V0298.jpg,325.0,711.98,1831.0,770.14
V0299.jpg,205.0,460.61,1877.0,469.98
V0300.jpg,191.0,768.26,1887.0,751.38
V0301.jpg,269.0,426.84,1903.0,469.98
V0302.jpg,187.0,531.89,1861.0,432.47
V0303.jpg,303.0,515.01,1929.0,486.87
V0304.jpg,323.0,447.47,1925.0,518.76
V0305.jpg,193.0,824.54,1871.0,777.64
V0306.jpg,273.0,421.21,1895.0,500.0
V0307.jpg,253.0,807.65,1885.0,762.63
V0308.jpg,371.0,423.09,1923.0,533.77
V0309.jpg,171.0,546.9,1845.0,432.47
V0310.jpg,267.0,475.61,1909.0,400.58
V0311.jpg,255.0,563.78,1775.0,473.74
V0312.jpg,157.0,830.17,1945.0,775.76
V0313.jpg,215.0,486.87,1849.0,438.09
V0314.jpg,263.0,522.51,1805.0,394.95
V0315.jpg,241.0,447.47,1899.0,509.38
V0316.jpg,243.0,505.63,1733.0,363.06
V0317.jpg,247.0,773.89,1839.0,704.48
V0318.jpg,251.0,764.51,1895.0,824.54
V0319.jpg,225.0,490.62,1797.0,413.71
V0320.jpg,275.0,439.97,1917.0,530.02
V0321.jpg,231.0,528.14,1871.0,479.36
V0322.jpg,343.0,409.95,1907.0,471.86
V0323.jpg,285.0,792.65,1869.0,781.39
V0324.jpg,237.0,760.76,1799.0,680.09
V0325.jpg,249.0,488.74,1885.0,454.98
V0326.jpg,243.0,822.66,1871.0,732.62
V0327.jpg,281.0,469.98,1775.0,406.2
V0328.jpg,227.0,488.74,1873.0,454.98
V0329.jpg,161.0,824.54,1909.0,721.36
V0330.jpg,181.0,811.41,1855.0,777.64
V0331.jpg,179.0,488.74,1815.0,400.58
V0332.jpg,137.0,809.53,1857.0,711.98
V0333.jpg,289.0,477.49,1801.0,417.46
V0334.jpg,279.0,498.12,1893.0,477.49
V0335.jpg,287.0,460.61,1909.0,511.26
V0336.jpg,339.0,428.71,1909.0,494.37
V0337.jpg,367.0,462.48,1909.0,490.62
V0338.jpg,303.0,515.01,1931.0,515.01
V0339.jpg,205.0,511.26,1893.0,441.85
V0340.jpg,247.0,777.64,1907.0,807.65
V0341.jpg,245.0,738.24,1919.0,773.89
V0342.jpg,275.0,732.62,1889.0,783.27
V0343.jpg,271.0,503.75,1861.0,462.48
V0344.jpg,343.0,464.36,1931.0,520.64
V0345.jpg,209.0,522.51,1847.0,451.23
V0346.jpg,273.0,454.98,1847.0,464.36
V0347.jpg,227.0,593.8,1843.0,466.23
V0348.jpg,301.0,513.13,1935.0,484.99
V0349.jpg,269.0,764.51,1865.0,721.36
V0350.jpg,219.0,475.61,1885.0,447.47
V0351.jpg,309.0,507.5,1903.0,528.14
V0352.jpg,267.0,466.23,1861.0,468.11
V0353.jpg,249.0,809.53,1897.0,762.63
V0354.jpg,165.0,561.91,1813.0,432.47
V0355.jpg,305.0,445.6,1825.0,432.47
V0356.jpg,267.0,505.63,1865.0,475.61
V0357.jpg,269.0,460.61,1839.0,394.95
V0358.jpg,267.0,488.74,1811.0,391.2
V0359.jpg,325.0,438.09,1871.0,456.85
V0360.jpg,161.0,541.27,1881.0,458.73
V0361.jpg,299.0,471.86,1813.0,417.46
V0362.jpg,231.0,762.63,1925.0,775.76
V0363.jpg,271.0,460.61,1839.0,394.95
V0364.jpg,249.0,481.24,1879.0,408.08
V0365.jpg,225.0,854.55,1905.0,785.14
V0366.jpg,261.0,484.99,1739.0,361.18
V0367.jpg,209.0,826.41,1913.0,753.25
V0368.jpg,263.0,468.11,1889.0,479.36
V0369.jpg,277.0,530.02,1827.0,503.75
V0370.jpg,363.0,423.09,1931.0,501.88
V0371.jpg,205.0,826.41,1911.0,781.39
V0372.jpg,229.0,498.12,1879.0,445.6
V0373.jpg,151.0,813.28,1861.0,711.98
V0374.jpg,297.0,408.08,1917.0,496.25
V0375.jpg,205.0,848.92,1899.0,787.02
V0376.jpg,223.0,794.52,1835.0,728.86
V0377.jpg,233.0,783.27,1851.0,732.62
V0378.jpg,277.0,415.58,1899.0,515.01
V0379.jpg,305.0,481.24,1925.0,496.25
V0380.jpg,247.0,535.64,1863.0,441.85
V0381.jpg,283.0,531.89,1899.0,638.82
V0382.jpg,241.0,807.65,1883.0,745.75
V0383.jpg,191.0,832.04,1875.0,788.89
V0384.jpg,245.0,389.32,1863.0,496.25
V0385.jpg,175.0,830.17,1915.0,820.79
V0386.jpg,281.0,453.1,1905.0,479.36
V0387.jpg,215.0,820.79,1901.0,803.9
V0388.jpg,243.0,777.64,1877.0,805.78
V0389.jpg,257.0,500.0,1879.0,454.98
V0390.jpg,333.0,411.83,1915.0,515.01
V0391.jpg,241.0,528.14,1809.0,441.85
V0392.jpg,197.0,830.17,1889.0,775.76
V0393.jpg,271.0,494.37,1867.0,496.25
V0394.jpg,305.0,404.33,1851.0,475.61
V0395.jpg,247.0,507.5,1851.0,462.48
V0396.jpg,259.0,766.38,1809.0,745.75
V0397.jpg,275.0,492.5,1763.0,376.19
V0398.jpg,241.0,513.13,1801.0,438.09
V0399.jpg,241.0,777.64,1857.0,736.37
V0400.jpg,333.0,396.82,1845.0,460.61
V0401.jpg,291.0,484.99,1871.0,481.24
V0402.jpg,359.0,447.47,1921.0,528.14
V0403.jpg,341.0,419.33,1853.0,481.24
V0404.jpg,289.0,488.74,1771.0,372.44
V0405.jpg,163.0,546.9,1877.0,458.73
V0406.jpg,303.0,781.39,1847.0,777.64
V0407.jpg,277.0,428.71,1839.0,460.61
V0408.jpg,289.0,484.99,1829.0,402.45
V0409.jpg,311.0,456.85,1887.0,522.51
V0410.jpg,273.0,745.75,1889.0,777.64
V0411.jpg,189.0,543.15,1851.0,237.37
V0412.jpg,251.0,481.24,1889.0,438.09
V0413.jpg,169.0,818.91,1955.0,764.51
V0414.jpg,309.0,743.87,1907.0,796.4
V0415.jpg,213.0,805.78,1905.0,832.04
V0416.jpg,207.0,822.66,1905.0,792.65
V0417.jpg,241.0,496.25,1923.0,503.75
V0418.jpg,189.0,852.68,1877.0,766.38
V0419.jpg,435.0,548.77,1981.0,618.18
V0420.jpg,249.0,484.99,1811.0,430.59
V0421.jpg,259.0,691.35,1913.0,785.14
V0422.jpg,237.0,498.12,1877.0,438.09
V0423.jpg,313.0,456.85,1891.0,518.76
V0424.jpg,203.0,546.9,1871.0,565.66
V0425.jpg,297.0,468.11,1885.0,531.89
V0426.jpg,265.0,764.51,1799.0,717.61
V0427.jpg,219.0,498.12,1853.0,424.96
V0428.jpg,209.0,501.88,1819.0,451.23
V0429.jpg,205.0,526.26,1831.0,451.23
V0430.jpg,285.0,473.74,1875.0,509.38
V0431.jpg,323.0,447.47,1861.0,466.23
V0432.jpg,273.0,443.72,1807.0,409.95
V0433.jpg,291.0,790.77,1877.0,787.02
V0434.jpg,293.0,451.23,1925.0,466.23
V0435.jpg,233.0,451.23,1845.0,443.72
V0436.jpg,251.0,820.79,1905.0,758.88
V0437.jpg,289.0,781.39,1921.0,775.76
V0438.jpg,253.0,764.51,1887.0,749.5
V0439.jpg,309.0,445.6,1725.0,400.58
V0440.jpg,339.0,408.08,1887.0,507.5
V0441.jpg,225.0,841.42,1911.0,788.89
V0442.jpg,291.0,409.95,1861.0,483.12
V0443.jpg,291.0,456.85,1993.0,528.14
V0444.jpg,245.0,719.48,1843.0,732.62
V0445.jpg,287.0,520.64,1847.0,434.34
V0446.jpg,217.0,762.63,1881.0,740.12
V0447.jpg,277.0,710.11,1849.0,740.12
V0448.jpg,321.0,419.33,1845.0,460.61
V0449.jpg,241.0,530.02,1791.0,436.22
V0450.jpg,341.0,421.21,1829.0,460.61
V0451.jpg,299.0,411.83,1913.0,477.49
V0452.jpg,205.0,530.02,1839.0,460.61
V0453.jpg,245.0,516.88,1855.0,456.85
V0454.jpg,267.0,520.64,1865.0,466.23
V0455.jpg,347.0,372.44,1853.0,505.63
V0456.jpg,203.0,528.14,1835.0,447.47
V0457.jpg,205.0,520.64,1887.0,421.21
V0458.jpg,297.0,481.24,1865.0,492.5
V0459.jpg,203.0,543.15,1845.0,443.72
V0460.jpg,213.0,513.13,1845.0,415.58
V0461.jpg,241.0,747.62,1937.0,802.03
V0462.jpg,301.0,453.1,1873.0,501.88
V0463.jpg,287.0,492.5,1907.0,490.62
V0464.jpg,217.0,486.87,1825.0,409.95
V0465.jpg,315.0,400.58,1813.0,454.98
V0466.jpg,157.0,830.17,1901.0,798.27
V0467.jpg,261.0,456.85,1825.0,483.12
V0468.jpg,255.0,760.76,1913.0,845.17
V0469.jpg,207.0,837.67,1851.0,751.38
V0470.jpg,223.0,498.12,1859.0,483.12
V0471.jpg,203.0,820.79,1877.0,796.4
V0472.jpg,203.0,475.61,1823.0,406.2
V0473.jpg,291.0,740.12,1831.0,766.38
V0474.jpg,241.0,740.12,1979.0,820.79
V0475.jpg,303.0,509.38,1943.0,411.83
V0476.jpg,239.0,492.5,1815.0,394.95
V0477.jpg,301.0,441.85,1865.0,451.23
V0478.jpg,377.0,443.72,1927.0,537.52
V0479.jpg,243.0,494.37,1879.0,490.62
V0480.jpg,277.0,787.02,1851.0,792.65
V0481.jpg,251.0,768.26,1891.0,751.38
V0482.jpg,283.0,428.71,1905.0,501.88
V0483.jpg,251.0,726.99,1891.0,779.52
V0484.jpg,199.0,516.88,1841.0,462.48
V0485.jpg,261.0,447.47,1799.0,398.7
V0486.jpg,289.0,436.22,1895.0,475.61
V0487.jpg,323.0,423.09,1865.0,468.11
V0488.jpg,285.0,531.89,1857.0,441.85
V0489.jpg,243.0,469.98,1883.0,475.61
V0490.jpg,229.0,711.98,1971.0,815.16
V0491.jpg,291.0,785.14,1897.0,785.14
V0492.jpg,189.0,835.79,1917.0,803.9
V0493.jpg,251.0,458.73,1849.0,436.22
V0494.jpg,425.0,558.15,1973.0,599.42
V0495.jpg,213.0,796.4,1899.0,777.64
V0496.jpg,229.0,486.87,1789.0,394.95
V0497.jpg,297.0,464.36,1785.0,417.46
V0498.jpg,189.0,824.54,1895.0,783.27
V0499.jpg,289.0,460.61,1803.0,413.71
V0500.jpg,321.0,421.21,1883.0,486.87
V0501.jpg,285.0,488.74,1869.0,468.11
V0502.jpg,243.0,787.02,1875.0,728.86
V0503.jpg,357.0,451.23,1927.0,524.39
V0504.jpg,241.0,513.13,1789.0,406.2
V0505.jpg,243.0,492.5,1853.0,417.46
V0506.jpg,329.0,749.5,1853.0,770.14
V0507.jpg,219.0,751.38,1953.0,822.66
V0508.jpg,205.0,503.75,1863.0,462.48
V0509.jpg,245.0,770.14,1893.0,753.25
V0510.jpg,261.0,813.28,1849.0,691.35
V0511.jpg,181.0,507.5,1831.0,447.47
V0512.jpg,215.0,781.39,1889.0,817.03
V0513.jpg,315.0,725.11,1905.0,719.48
V0514.jpg,229.0,775.76,1805.0,700.73
V0515.jpg,265.0,762.63,1889.0,820.79
V0516.jpg,205.0,531.89,1829.0,419.33
V0517.jpg,239.0,477.49,1873.0,411.83
V0518.jpg,177.0,788.89,1923.0,762.63
V0519.jpg,279.0,473.74,1805.0,393.07
V0520.jpg,191.0,850.8,1927.0,760.76
V0521.jpg,225.0,843.3,1903.0,772.01
V0522.jpg,189.0,826.41,1869.0,785.14
V0523.jpg,289.0,423.09,1915.0,515.01
V0524.jpg,265.0,573.16,1795.0,488.74
V0525.jpg,213.0,509.38,1913.0,424.96
V0526.jpg,269.0,775.76,1869.0,732.62
V0527.jpg,325.0,408.08,1843.0,423.09
V0528.jpg,271.0,475.61,1831.0,428.71
V0529.jpg,209.0,837.67,1917.0,803.9
V0530.jpg,333.0,411.83,1911.0,488.74
V0531.jpg,145.0,554.4,1861.0,460.61
V0532.jpg,261.0,749.5,1893.0,807.65
V0533.jpg,357.0,426.84,1919.0,505.63
V0534.jpg,317.0,428.71,1909.0,500.0
V0535.jpg,267.0,848.92,1885.0,785.14
V0536.jpg,239.0,479.36,1859.0,477.49
V0537.jpg,225.0,820.79,1881.0,781.39
V0538.jpg,255.0,503.75,1869.0,462.48
V0539.jpg,239.0,824.54,1895.0,755.13
V0540.jpg,197.0,479.36,1859.0,426.84
V0541.jpg,197.0,550.65,1839.0,456.85
V0542.jpg,195.0,800.15,1833.0,753.25
V0543.jpg,267.0,528.14,1857.0,441.85
V0544.jpg,195.0,535.64,1829.0,421.21
V0545.jpg,215.0,796.4,1885.0,794.52
V0546.jpg,317.0,456.85,1953.0,522.51
V0547.jpg,197.0,494.37,1813.0,404.33
V0548.jpg,305.0,439.97,1907.0,526.26
V0549.jpg,247.0,516.88,1853.0,439.97
V0550.jpg,245.0,438.09,1881.0,453.1
V0551.jpg,229.0,526.26,1949.0,501.88
V0552.jpg,259.0,546.9,1853.0,460.61
V0553.jpg,263.0,766.38,1803.0,728.86
V0554.jpg,243.0,764.51,1883.0,770.14
V0555.jpg,181.0,839.55,1859.0,766.38
V0556.jpg,187.0,554.4,1799.0,432.47
V0557.jpg,281.0,747.62,1883.0,815.16
V0558.jpg,209.0,545.02,1811.0,443.72
V0559.jpg,277.0,409.95,1831.0,449.35
V0560.jpg,237.0,621.94,1783.0,509.38
V0561.jpg,249.0,503.75,1833.0,436.22
V0562.jpg,293.0,734.49,1907.0,807.65
V0563.jpg,273.0,419.33,1841.0,456.85
V0564.jpg,289.0,501.88,1931.0,462.48
V0565.jpg,265.0,411.83,1889.0,464.36
V0566.jpg,239.0,582.54,1859.0,537.52
V0567.jpg,217.0,473.74,1879.0,458.73
V0568.jpg,253.0,430.59,1901.0,492.5
V0569.jpg,205.0,781.39,1901.0,770.14
V0570.jpg,295.0,458.73,1885.0,486.87
V0571.jpg,265.0,800.15,1785.0,751.38
V0572.jpg,251.0,760.76,1873.0,770.14
V0573.jpg,265.0,785.14,1881.0,732.62
V0574.jpg,193.0,777.64,1897.0,751.38
V0575.jpg,335.0,424.96,1917.0,488.74
V0576.jpg,221.0,828.29,1899.0,785.14
V0577.jpg,235.0,481.24,1907.0,484.99
V0578.jpg,225.0,743.87,1895.0,760.76
V0579.jpg,211.0,798.27,1869.0,794.52
V0580.jpg,303.0,447.47,1857.0,441.85
V0581.jpg,233.0,773.89,1893.0,687.59
V0582.jpg,265.0,503.75,1877.0,454.98
V0583.jpg,277.0,766.38,1799.0,711.98
V0584.jpg,277.0,747.62,1909.0,841.42
V0585.jpg,189.0,530.02,1781.0,428.71
V0586.jpg,289.0,725.11,1893.0,747.62
V0587.jpg,297.0,441.85,1865.0,451.23
V0588.jpg,239.0,530.02,1881.0,618.18
V0589.jpg,175.0,528.14,1887.0,445.6
V0590.jpg,245.0,543.15,1865.0,430.59
V0591.jpg,349.0,426.84,1917.0,530.02
V0592.jpg,261.0,813.28,1873.0,751.38
V0593.jpg,205.0,492.5,1875.0,454.98
V0594.jpg,277.0,545.02,1821.0,505.63
V0595.jpg,309.0,458.73,1885.0,550.65
V0596.jpg,231.0,494.37,1857.0,421.21
V0597.jpg,249.0,498.12,1811.0,415.58
V0598.jpg,225.0,477.49,1811.0,409.95
V0599.jpg,263.0,552.53,1853.0,458.73
V0600.jpg,281.0,464.36,1875.0,494.37
V0601.jpg,257.0,543.15,1885.0,492.5
V0602.jpg,299.0,533.77,1935.0,535.64
V0603.jpg,313.0,443.72,1933.0,522.51
V0604.jpg,243.0,781.39,1895.0,753.25
V0605.jpg,223.0,792.65,1899.0,764.51
V0606.jpg,297.0,728.86,1887.0,790.77
V0607.jpg,271.0,751.38,1909.0,803.9
V0608.jpg,243.0,475.61,1835.0,421.21
V0609.jpg,227.0,531.89,1817.0,453.1
V0610.jpg,201.0,826.41,1891.0,747.62
V0611.jpg,263.0,490.62,1823.0,400.58
V0612.jpg,245.0,545.02,1863.0,464.36
V0613.jpg,325.0,432.47,1877.0,500.0
V0614.jpg,217.0,513.13,1841.0,393.07
V0615.jpg,169.0,490.62,1859.0,454.98
V0616.jpg,231.0,501.88,1827.0,423.09
V0617.jpg,283.0,445.6,1897.0,490.62
V0618.jpg,291.0,696.97,1849.0,732.62
V0619.jpg,237.0,826.41,1859.0,736.37
V0620.jpg,339.0,458.73,1951.0,545.02
V0621.jpg,225.0,751.38,1965.0,805.78
V0622.jpg,261.0,494.37,1857.0,473.74
V0623.jpg,183.0,832.04,1867.0,777.64
V0624.jpg,237.0,820.79,1879.0,728.86
V0625.jpg,347.0,742.0,1857.0,777.64
V0626.jpg,327.0,509.38,1963.0,563.78
V0627.jpg,323.0,505.63,1963.0,479.36
V0628.jpg,267.0,483.12,1867.0,402.45
V0629.jpg,213.0,526.26,1829.0,451.23
V0630.jpg,217.0,500.0,1819.0,438.09
V0631.jpg,307.0,468.11,1917.0,490.62
V0632.jpg,297.0,483.12,1911.0,488.74
V0633.jpg,161.0,554.4,1801.0,428.71
V0634.jpg,247.0,768.26,1881.0,770.14
V0635.jpg,469.0,530.02,1979.0,627.56
V0636.jpg,249.0,758.88,1867.0,785.14
V0637.jpg,215.0,541.27,1825.0,443.72
V0638.jpg,233.0,505.63,1903.0,443.72
V0639.jpg,193.0,526.26,1829.0,417.46
V0640.jpg,267.0,466.23,1907.0,501.88
V0641.jpg,297.0,488.74,1801.0,430.59
V0642.jpg,249.0,469.98,1807.0,396.82
V0643.jpg,307.0,471.86,1869.0,483.12
V0644.jpg,241.0,845.17,1861.0,796.4
V0645.jpg,289.0,426.84,1901.0,505.63
V0646.jpg,245.0,500.0,1763.0,376.19
V0647.jpg,247.0,772.01,1899.0,807.65
V0648.jpg,303.0,436.22,1887.0,484.99
V0649.jpg,223.0,822.66,1861.0,758.88
V0650.jpg,261.0,475.61,1841.0,404.33
V0651.jpg,253.0,481.24,1825.0,451.23
V0652.jpg,153.0,839.55,1887.0,818.91
V0653.jpg,269.0,443.72,1901.0,500.0
V0654.jpg,293.0,747.62,1907.0,742.0
V0655.jpg,289.0,445.6,1895.0,498.12
V0656.jpg,219.0,811.41,1885.0,779.52
V0657.jpg,213.0,762.63,1979.0,800.15
V0658.jpg,235.0,498.12,1807.0,396.82
V0659.jpg,235.0,496.25,1825.0,426.84
V0660.jpg,197.0,822.66,1875.0,773.89
V0661.jpg,249.0,818.91,1891.0,732.62
V0662.jpg,207.0,537.52,1831.0,428.71
V0663.jpg,309.0,484.99,1691.0,385.57
V0664.jpg,323.0,428.71,1931.0,507.5
V0665.jpg,197.0,848.92,1927.0,753.25
V0666.jpg,305.0,464.36,1839.0,419.33
V0667.jpg,319.0,505.63,1947.0,509.38
V0668.jpg,289.0,764.51,1799.0,706.35
V0669.jpg,281.0,462.48,1887.0,486.87
V0670.jpg,161.0,824.54,1895.0,796.4
V0671.jpg,211.0,835.79,1921.0,753.25
V0672.jpg,235.0,764.51,1899.0,820.79
V0673.jpg,245.0,820.79,1881.0,753.25
V0674.jpg,201.0,501.88,1805.0,421.21
V0675.jpg,239.0,484.99,1807.0,447.47
V0676.jpg,347.0,424.96,1889.0,490.62
V0677.jpg,245.0,757.0,1899.0,807.65
V0678.jpg,293.0,404.33,1923.0,490.62
V0679.jpg,249.0,777.64,1881.0,728.86
V0680.jpg,267.0,462.48,1885.0,462.48
V0681.jpg,233.0,507.5,1775.0,379.94
V0682.jpg,241.0,550.65,1865.0,469.98
V0683.jpg,245.0,762.63,1899.0,781.39
V0684.jpg,233.0,777.64,1865.0,770.14
V0685.jpg,301.0,428.71,1981.0,543.15
V0686.jpg,303.0,469.98,1867.0,486.87
V0687.jpg,243.0,530.02,1863.0,453.1
V0688.jpg,207.0,833.92,1881.0,764.51
V0689.jpg,257.0,541.27,1873.0,511.26
V0690.jpg,337.0,428.71,1955.0,509.38
V0691.jpg,261.0,798.27,1905.0,762.63
V0692.jpg,263.0,462.48,1829.0,430.59
V0693.jpg,221.0,781.39,1879.0,723.24
V0694.jpg,333.0,702.6,1823.0,773.89
V0695.jpg,221.0,755.13,1951.0,820.79
V0696.jpg,247.0,569.41,1745.0,492.5
V0697.jpg,225.0,749.5,1927.0,768.26
V0698.jpg,203.0,520.64,1777.0,387.44
V0699.jpg,211.0,550.65,1825.0,424.96
V0700.jpg,225.0,473.74,1827.0,423.09
V0701.jpg,259.0,492.5,1883.0,462.48
V0702.jpg,273.0,755.13,1867.0,749.5
V0703.jpg,279.0,471.86,1787.0,376.19
V0704.jpg,263.0,462.48,1875.0,492.5
V0705.jpg,177.0,779.52,1895.0,755.13
V0706.jpg,193.0,800.15,1869.0,785.14
V0707.jpg,217.0,500.0,1857.0,434.34
V0708.jpg,297.0,462.48,1881.0,528.14
V0709.jpg,187.0,501.88,1833.0,432.47
V0710.jpg,273.0,745.75,1875.0,768.26
V0711.jpg,241.0,794.52,1917.0,770.14
V0712.jpg,361.0,396.82,1913.0,522.51
V0713.jpg,199.0,500.0,1861.0,441.85
V0714.jpg,299.0,790.77,1881.0,779.52
V0715.jpg,193.0,530.02,1911.0,447.47
V0716.jpg,235.0,477.49,1791.0,393.07
V0717.jpg,293.0,428.71,1895.0,503.75
V0718.jpg,207.0,524.39,1779.0,381.82
V0719.jpg,259.0,432.47,1891.0,488.74
V0720.jpg,195.0,492.5,1731.0,408.08
V0721.jpg,235.0,779.52,1877.0,790.77
V0722.jpg,225.0,477.49,1877.0,409.95
V0723.jpg,229.0,770.14,1901.0,803.9
V0724.jpg,317.0,456.85,1925.0,503.75
V0725.jpg,231.0,818.91,1913.0,766.38
V0726.jpg,303.0,394.95,1911.0,505.63
V0727.jpg,153.0,824.54,1851.0,779.52
V0728.jpg,211.0,503.75,1799.0,393.07
V0729.jpg,207.0,507.5,1743.0,424.96
V0730.jpg,233.0,486.87,1805.0,436.22
V0731.jpg,295.0,533.77,1859.0,434.34
V0732.jpg,251.0,511.26,1851.0,466.23
V0733.jpg,323.0,413.71,1841.0,477.49
V0734.jpg,351.0,408.08,1869.0,481.24
V0735.jpg,225.0,483.12,1819.0,409.95
V0736.jpg,215.0,807.65,1925.0,826.41
V0737.jpg,297.0,747.62,1887.0,807.65
V0738.jpg,227.0,515.01,1733.0,379.94
V0739.jpg,241.0,526.26,1867.0,454.98
V0740.jpg,181.0,815.16,1891.0,751.38
V0741.jpg,273.0,794.52,1911.0,773.89
V0742.jpg,215.0,563.78,1881.0,496.25
V0743.jpg,337.0,749.5,1849.0,777.64
V0744.jpg,233.0,518.76,1797.0,441.85
V0745.jpg,191.0,528.14,1883.0,428.71
V0746.jpg,263.0,548.77,1861.0,456.85
V0747.jpg,325.0,743.87,1851.0,781.39
V0748.jpg,273.0,438.09,1827.0,451.23
V0749.jpg,199.0,803.9,1925.0,787.02
V0750.jpg,229.0,498.12,1803.0,428.71
V0751.jpg,249.0,501.88,1869.0,408.08
V0752.jpg,251.0,458.73,1865.0,475.61
V0753.jpg,257.0,717.61,1979.0,817.03
V0754.jpg,265.0,790.77,1905.0,766.38
V0755.jpg,229.0,479.36,1833.0,458.73
V0756.jpg,205.0,758.88,1905.0,762.63
V0757.jpg,291.0,490.62,1927.0,520.64
V0758.jpg,247.0,494.37,1813.0,398.7
V0759.jpg,203.0,773.89,1891.0,747.62
V0760.jpg,257.0,796.4,1905.0,760.76
V0761.jpg,235.0,496.25,1879.0,439.97
V0762.jpg,327.0,417.46,1845.0,505.63
V0763.jpg,241.0,464.36,1841.0,454.98
V0764.jpg,205.0,839.55,1857.0,766.38
V0765.jpg,241.0,466.23,1917.0,462.48
V0766.jpg,195.0,777.64,1877.0,736.37
V0767.jpg,355.0,408.08,1907.0,462.48
V0768.jpg,247.0,749.5,1905.0,781.39
V0769.jpg,249.0,807.65,1891.0,749.5
V0770.jpg,329.0,408.08,1781.0,432.47
V0771.jpg,453.0,513.13,1953.0,625.69
V0772.jpg,199.0,813.28,1865.0,798.27
V0773.jpg,265.0,736.37,1791.0,700.73
V0774.jpg,341.0,419.33,1887.0,486.87
V0775.jpg,177.0,558.15,1801.0,432.47
V0776.jpg,261.0,484.99,1867.0,445.6
V0777.jpg,289.0,471.86,1843.0,439.97
V0778.jpg,251.0,820.79,1887.0,743.87
V0779.jpg,221.0,473.74,1839.0,439.97
V0780.jpg,271.0,513.13,1811.0,419.33
V0781.jpg,333.0,687.59,1891.0,796.4
V0782.jpg,263.0,798.27,1905.0,757.0
V0783.jpg,253.0,796.4,1843.0,777.64
V0784.jpg,271.0,747.62,1895.0,725.11
V0785.jpg,251.0,764.51,1873.0,772.01
V0786.jpg,251.0,466.23,1883.0,469.98
V0787.jpg,169.0,505.63,1827.0,409.95
V0788.jpg,241.0,766.38,1885.0,828.29
V0789.jpg,297.0,790.77,1875.0,781.39
V0790.jpg,335.0,704.48,1829.0,773.89
V0791.jpg,253.0,567.53,1867.0,524.39
V0792.jpg,197.0,466.23,1837.0,411.83
V0793.jpg,273.0,757.0,1863.0,738.24
V0794.jpg,245.0,477.49,1917.0,492.5
V0795.jpg,293.0,409.95,1899.0,469.98
V0796.jpg,241.0,828.29,1881.0,755.13
V0797.jpg,199.0,841.42,1841.0,747.62
V0798.jpg,169.0,830.17,1905.0,805.78
V0799.jpg,273.0,481.24,1905.0,477.49
V0800.jpg,209.0,803.9,1899.0,770.14
V0801.jpg,255.0,453.1,1903.0,488.74
V0802.jpg,301.0,451.23,1893.0,513.13
V0803.jpg,223.0,524.39,1823.0,428.71
V0804.jpg,257.0,492.5,1975.0,513.13
V0805.jpg,237.0,753.25,1881.0,822.66
V0806.jpg,239.0,488.74,1819.0,398.7
V0807.jpg,225.0,807.65,1851.0,768.26
V0808.jpg,229.0,794.52,1873.0,717.61
V0809.jpg,237.0,486.87,1827.0,398.7
V0810.jpg,277.0,740.12,1883.0,777.64
V0811.jpg,269.0,743.87,1891.0,779.52
V0812.jpg,241.0,783.27,1869.0,817.03
V0813.jpg,317.0,490.62,1815.0,526.26
V0814.jpg,237.0,522.51,1881.0,456.85
V0815.jpg,279.0,550.65,1925.0,524.39
V0816.jpg,311.0,451.23,1889.0,531.89
V0817.jpg,241.0,783.27,1883.0,725.11
V0818.jpg,203.0,539.39,1823.0,436.22
V0819.jpg,303.0,447.47,1857.0,434.34
V0820.jpg,271.0,473.74,1917.0,498.12
V0821.jpg,231.0,486.87,1877.0,473.74
V0822.jpg,297.0,503.75,1933.0,460.61
V0823.jpg,295.0,443.72,1891.0,518.76
V0824.jpg,213.0,777.64,1909.0,802.03
V0825.jpg,241.0,792.65,1863.0,760.76
V0826.jpg,201.0,505.63,1857.0,439.97
V0827.jpg,243.0,498.12,1863.0,400.58
V0828.jpg,263.0,498.12,1791.0,385.57
V0829.jpg,201.0,515.01,1739.0,424.96
V0830.jpg,229.0,732.62,1851.0,734.49
V0831.jpg,315.0,708.23,1893.0,785.14
V0832.jpg,219.0,494.37,1867.0,468.11
V0833.jpg,207.0,830.17,1837.0,725.11
V0834.jpg,285.0,432.47,1889.0,500.0
V0835.jpg,245.0,492.5,1855.0,424.96
V0836.jpg,239.0,803.9,1847.0,747.62
V0837.jpg,303.0,751.38,1901.0,822.66
V0838.jpg,229.0,507.5,1831.0,449.35
V0839.jpg,269.0,456.85,1901.0,484.99
V0840.jpg,283.0,434.34,1897.0,522.51
V0841.jpg,285.0,428.71,1909.0,500.0
V0842.jpg,157.0,817.03,1863.0,719.48
V0843.jpg,293.0,715.73,1875.0,796.4
V0844.jpg,233.0,800.15,1867.0,768.26
V0845.jpg,269.0,757.0,1865.0,745.75
V0846.jpg,259.0,775.76,1891.0,751.38
V0847.jpg,255.0,824.54,1813.0,683.84
V0848.jpg,239.0,794.52,1871.0,773.89
V0849.jpg,301.0,432.47,1845.0,424.96
V0850.jpg,215.0,790.77,1883.0,802.03
V0851.jpg,281.0,454.98,1911.0,509.38
V0852.jpg,225.0,533.77,1879.0,601.3
V0853.jpg,261.0,430.59,1889.0,488.74
V0854.jpg,257.0,500.0,1899.0,507.5
V0855.jpg,281.0,483.12,1855.0,417.46
V0856.jpg,345.0,428.71,1955.0,466.23
V0857.jpg,303.0,481.24,1795.0,385.57
V0858.jpg,259.0,526.26,1849.0,462.48
V0859.jpg,223.0,496.25,1801.0,428.71
V0860.jpg,211.0,807.65,1903.0,766.38
V0861.jpg,259.0,627.56,1803.0,520.64
V0862.jpg,339.0,449.35,1861.0,505.63
V0863.jpg,213.0,781.39,1889.0,764.51
V0864.jpg,309.0,484.99,1845.0,436.22
V0865.jpg,197.0,481.24,1873.0,428.71
V0866.jpg,223.0,511.26,1737.0,372.44
V0867.jpg,269.0,439.97,1839.0,456.85
V0868.jpg,237.0,818.91,1893.0,777.64
V0869.jpg,343.0,424.96,1835.0,460.61
V0870.jpg,267.0,500.0,1895.0,458.73
V0871.jpg,145.0,811.41,1897.0,755.13
V0872.jpg,247.0,501.88,1865.0,445.6
V0873.jpg,175.0,852.68,1871.0,762.63
V0874.jpg,201.0,807.65,1907.0,805.78
V0875.jpg,193.0,841.42,1885.0,772.01
V0876.jpg,263.0,453.1,1875.0,488.74
V0877.jpg,197.0,503.75,1845.0,428.71
V0878.jpg,215.0,593.8,1845.0,477.49
V0879.jpg,223.0,526.26,1827.0,413.71
V0880.jpg,211.0,531.89,1863.0,421.21
V0881.jpg,219.0,832.04,1905.0,779.52
V0882.jpg,287.0,453.1,1861.0,449.35
V0883.jpg,245.0,762.63,1899.0,817.03
V0884.jpg,193.0,513.13,1885.0,434.34
V0885.jpg,351.0,599.42,1913.0,560.03
V0886.jpg,245.0,479.36,1875.0,484.99
V0887.jpg,201.0,530.02,1863.0,458.73
V0888.jpg,277.0,515.01,1887.0,486.87
V0889.jpg,255.0,828.29,1853.0,796.4
V0890.jpg,251.0,503.75,1837.0,423.09
V0891.jpg,233.0,509.38,1841.0,453.1
V0892.jpg,221.0,860.18,1905.0,777.64
V0893.jpg,259.0,772.01,1803.0,736.37
V0894.jpg,271.0,468.11,1917.0,404.33
V0895.jpg,303.0,438.09,1925.0,511.26
V0896.jpg,217.0,539.39,1881.0,471.86
V0897.jpg,261.0,475.61,1889.0,436.22
V0898.jpg,251.0,468.11,1909.0,393.07
V0899.jpg,215.0,513.13,1845.0,454.98
V0900.jpg,275.0,486.87,1841.0,447.47
V0901.jpg,269.0,805.78,1789.0,751.38
V0902.jpg,191.0,509.38,1729.0,417.46
V0903.jpg,327.0,415.58,1867.0,518.76
V0904.jpg,219.0,503.75,1817.0,432.47
V0905.jpg,303.0,436.22,1909.0,492.5
V0906.jpg,239.0,820.79,1857.0,742.0
V0907.jpg,241.0,477.49,1889.0,447.47
V0908.jpg,191.0,509.38,1833.0,438.09
V0909.jpg,285.0,505.63,1813.0,518.76
V0910.jpg,223.0,466.23,1881.0,434.34
V0911.jpg,351.0,503.75,1749.0,393.07
V0912.jpg,253.0,468.11,1911.0,500.0
V0913.jpg,253.0,546.9,1873.0,439.97
V0914.jpg,241.0,481.24,1859.0,421.21
V0915.jpg,233.0,481.24,1805.0,402.45
V0916.jpg,249.0,509.38,1801.0,413.71
V0917.jpg,209.0,822.66,1863.0,758.88
V0918.jpg,279.0,424.96,1863.0,447.47
V0919.jpg,253.0,462.48,1887.0,507.5
V0920.jpg,203.0,820.79,1885.0,785.14
V0921.jpg,247.0,779.52,1869.0,732.62
V0922.jpg,257.0,462.48,1877.0,492.5
V0923.jpg,211.0,852.68,1883.0,768.26
V0924.jpg,235.0,835.79,1891.0,777.64
V0925.jpg,227.0,794.52,1895.0,738.24
V0926.jpg,187.0,511.26,1829.0,426.84
V0927.jpg,219.0,805.78,1867.0,768.26
V0928.jpg,259.0,408.08,1891.0,469.98
V0929.jpg,243.0,751.38,1803.0,678.21
V0930.jpg,317.0,755.13,1795.0,698.85
V0931.jpg,229.0,501.88,1857.0,451.23
V0932.jpg,249.0,775.76,1873.0,832.04
V0933.jpg,333.0,469.98,1737.0,408.08
V0934.jpg,301.0,445.6,1859.0,505.63
V0935.jpg,303.0,434.34,1897.0,513.13
V0936.jpg,157.0,856.43,1869.0,777.64
V0937.jpg,237.0,513.13,1857.0,466.23
V0938.jpg,281.0,511.26,1905.0,477.49
V0939.jpg,187.0,535.64,1801.0,428.71
V0940.jpg,261.0,486.87,1883.0,409.95
V0941.jpg,259.0,522.51,1815.0,398.7
V0942.jpg,243.0,496.25,1869.0,430.59
V0943.jpg,257.0,486.87,1813.0,398.7
V0944.jpg,207.0,526.26,1889.0,471.86
V0945.jpg,215.0,498.12,1879.0,475.61
V0946.jpg,201.0,787.02,1887.0,738.24
V0947.jpg,237.0,794.52,1861.0,766.38
V0948.jpg,279.0,453.1,1801.0,424.96
V0949.jpg,249.0,807.65,1899.0,779.52
V0950.jpg,291.0,458.73,1925.0,518.76
V0951.jpg,259.0,787.02,1889.0,762.63
V0952.jpg,239.0,462.48,1851.0,454.98
V0953.jpg,217.0,453.1,1855.0,454.98
V0954.jpg,219.0,500.0,1851.0,439.97
V0955.jpg,205.0,516.88,1755.0,379.94
V0956.jpg,297.0,428.71,1893.0,507.5
V0957.jpg,335.0,430.59,1909.0,492.5
V0958.jpg,301.0,451.23,1845.0,424.96
V0959.jpg,249.0,796.4,1863.0,715.73
V0960.jpg,227.0,790.77,1903.0,841.42
V0961.jpg,199.0,811.41,1893.0,802.03
V0962.jpg,285.0,477.49,1803.0,415.58
V0963.jpg,257.0,490.62,1817.0,398.7
V0964.jpg,241.0,730.74,1907.0,775.76
V0965.jpg,243.0,524.39,1805.0,439.97
V0966.jpg,209.0,515.01,1849.0,454.98
V0967.jpg,213.0,456.85,1853.0,438.09
V0968.jpg,221.0,490.62,1869.0,484.99
V0969.jpg,285.0,788.89,1901.0,783.27
V0970.jpg,239.0,454.98,1923.0,466.23
V0971.jpg,227.0,783.27,1899.0,798.27
V0972.jpg,249.0,533.77,1853.0,443.72
V0973.jpg,335.0,406.2,1777.0,432.47
V0974.jpg,209.0,481.24,1803.0,406.2
V0975.jpg,361.0,394.95,1837.0,505.63
V0976.jpg,299.0,757.0,1925.0,785.14
V0977.jpg,257.0,817.03,1821.0,758.88
V0978.jpg,237.0,822.66,1911.0,768.26
V0979.jpg,245.0,498.12,1861.0,477.49
V0980.jpg,217.0,802.03,1929.0,792.65
V0981.jpg,231.0,505.63,1851.0,400.58
V0982.jpg,233.0,817.03,1851.0,760.76
V0983.jpg,305.0,432.47,1893.0,468.11
V0984.jpg,211.0,792.65,1877.0,766.38
V0985.jpg,237.0,745.75,1921.0,828.29
V0986.jpg,211.0,524.39,1825.0,441.85
V0987.jpg,273.0,528.14,1851.0,430.59
V0988.jpg,299.0,471.86,1869.0,501.88
V0989.jpg,215.0,509.38,1823.0,428.71
V0990.jpg,241.0,530.02,1861.0,436.22
V0991.jpg,245.0,430.59,1905.0,511.26
V0992.jpg,273.0,738.24,1895.0,785.14
V0993.jpg,239.0,488.74,1785.0,449.35
V0994.jpg,253.0,518.76,1869.0,492.5
V0995.jpg,169.0,818.91,1945.0,747.62
V0996.jpg,261.0,477.49,1739.0,364.93
V0997.jpg,215.0,507.5,1851.0,419.33
V0998.jpg,353.0,381.82,1791.0,468.11
V0999.jpg,263.0,468.11,1841.0,396.82
V1000.jpg,227.0,456.85,1865.0,484.99
V1001.jpg,233.0,820.79,1851.0,760.76
V1002.jpg,261.0,471.86,1927.0,520.64
V1003.jpg,349.0,419.33,1885.0,486.87
V1004.jpg,207.0,773.89,1857.0,736.37
V1005.jpg,261.0,449.35,1859.0,471.86
V1006.jpg,313.0,469.98,1861.0,441.85
V1007.jpg,201.0,537.52,1849.0,468.11
V1008.jpg,239.0,479.36,1787.0,398.7
V1009.jpg,271.0,454.98,1933.0,520.64
V1010.jpg,269.0,426.84,1895.0,488.74
V1011.jpg,177.0,811.41,1881.0,790.77
V1012.jpg,307.0,432.47,1885.0,518.76
V1013.jpg,153.0,554.4,1837.0,436.22
V1014.jpg,277.0,451.23,1875.0,505.63
V1015.jpg,171.0,481.24,1829.0,419.33
V1016.jpg,227.0,837.67,1885.0,779.52
V1017.jpg,225.0,453.1,1875.0,466.23
V1018.jpg,253.0,734.49,1911.0,768.26
V1019.jpg,221.0,520.64,1865.0,409.95
V1020.jpg,223.0,454.98,1861.0,483.12
V1021.jpg,329.0,685.72,1889.0,747.62
V1022.jpg,247.0,481.24,1845.0,432.47
V1023.jpg,285.0,509.38,1925.0,469.98
V1024.jpg,253.0,528.14,1865.0,454.98
V1025.jpg,239.0,494.37,1813.0,424.96
V1026.jpg,275.0,515.01,1879.0,394.95
V1027.jpg,235.0,758.88,1797.0,676.34
V1028.jpg,323.0,492.5,1721.0,393.07
V1029.jpg,225.0,841.42,1877.0,747.62
V1030.jpg,269.0,464.36,1861.0,486.87
V1031.jpg,175.0,845.17,1917.0,813.28
V1032.jpg,311.0,462.48,1887.0,505.63
V1033.jpg,179.0,822.66,1873.0,770.14
V1034.jpg,253.0,535.64,1855.0,417.46
V1035.jpg,207.0,818.91,1851.0,740.12
V1036.jpg,291.0,438.09,1911.0,507.5
V1037.jpg,397.0,411.83,1929.0,520.64
V1038.jpg,243.0,488.74,1777.0,396.82
V1039.jpg,333.0,445.6,1849.0,458.73
V1040.jpg,317.0,445.6,1839.0,419.33
V1041.jpg,227.0,509.38,1839.0,447.47
V1042.jpg,217.0,456.85,1873.0,439.97
V1043.jpg,245.0,488.74,1927.0,511.26
V1044.jpg,273.0,464.36,1773.0,396.82
V1045.jpg,177.0,807.65,1887.0,760.76
V1046.jpg,209.0,811.41,1849.0,758.88
V1047.jpg,233.0,533.77,1833.0,409.95
V1048.jpg,243.0,779.52,1879.0,824.54
V1049.jpg,283.0,500.0,1911.0,469.98
V1050.jpg,247.0,484.99,1861.0,419.33
V1051.jpg,235.0,492.5,1849.0,411.83
V1052.jpg,241.0,796.4,1887.0,779.52
V1053.jpg,277.0,526.26,1881.0,453.1
V1054.jpg,257.0,458.73,1885.0,481.24
V1055.jpg,319.0,402.45,1857.0,469.98
V1056.jpg,253.0,728.86,1909.0,762.63
V1057.jpg,353.0,389.32,1843.0,496.25
V1058.jpg,313.0,443.72,1927.0,507.5
V1059.jpg,221.0,738.24,1875.0,747.62
V1060.jpg,251.0,815.16,1899.0,792.65
V1061.jpg,335.0,438.09,1897.0,483.12
V1062.jpg,285.0,468.11,1875.0,443.72
V1063.jpg,239.0,550.65,1863.0,511.26
V1064.jpg,221.0,835.79,1907.0,781.39
V1065.jpg,255.0,528.14,1867.0,471.86
V1066.jpg,191.0,847.05,1925.0,803.9
V1067.jpg,147.0,548.77,1873.0,466.23
V1068.jpg,247.0,436.22,1873.0,466.23
V1069.jpg,281.0,430.59,1899.0,488.74
V1070.jpg,185.0,783.27,1943.0,775.76
V1071.jpg,193.0,483.12,1871.0,454.98
V1072.jpg,265.0,424.96,1835.0,458.73
V1073.jpg,275.0,738.24,1899.0,832.04
V1074.jpg,215.0,520.64,1831.0,432.47
V1075.jpg,233.0,852.68,1893.0,787.02
V1076.jpg,163.0,539.39,1873.0,466.23
V1077.jpg,269.0,691.35,1905.0,779.52
V1078.jpg,199.0,573.16,1881.0,541.27
V1079.jpg,239.0,742.0,1889.0,783.27
V1080.jpg,205.0,837.67,1883.0,764.51
V1081.jpg,205.0,505.63,1853.0,462.48
V1082.jpg,327.0,419.33,1841.0,466.23
V1083.jpg,261.0,764.51,1885.0,848.92
V1084.jpg,229.0,515.01,1785.0,411.83
V1085.jpg,301.0,747.62,1885.0,800.15
V1086.jpg,261.0,792.65,1891.0,773.89
V1087.jpg,253.0,471.86,1827.0,462.48
V1088.jpg,209.0,770.14,1873.0,742.0
V1089.jpg,249.0,500.0,1803.0,394.95
V1090.jpg,211.0,484.99,1821.0,413.71
V1091.jpg,199.0,841.42,1929.0,760.76
V1092.jpg,335.0,441.85,1831.0,421.21
V1093.jpg,153.0,841.42,1877.0,772.01
V1094.jpg,221.0,833.92,1899.0,764.51
V1095.jpg,267.0,484.99,1877.0,462.48
V1096.jpg,291.0,466.23,1785.0,383.69
V1097.jpg,225.0,794.52,1903.0,826.41
V1098.jpg,213.0,787.02,1865.0,781.39
V1099.jpg,243.0,824.54,1881.0,773.89
V1100.jpg,253.0,728.86,1979.0,826.41
V1101.jpg,265.0,760.76,1913.0,800.15
V1102.jpg,227.0,526.26,1927.0,492.5
V1103.jpg,239.0,811.41,1855.0,807.65
V1104.jpg,145.0,858.3,1881.0,800.15
V1105.jpg,205.0,533.77,1917.0,469.98
V1106.jpg,169.0,541.27,1803.0,430.59
V1107.jpg,185.0,475.61,1845.0,413.71
V1108.jpg,251.0,552.53,1857.0,449.35
V1109.jpg,239.0,515.01,1809.0,436.22
V1110.jpg,275.0,704.48,1853.0,740.12
V1111.jpg,255.0,475.61,1889.0,458.73
V1112.jpg,175.0,805.78,1887.0,751.38
V1113.jpg,307.0,432.47,1889.0,518.76
V1114.jpg,333.0,432.47,1873.0,515.01
V1115.jpg,283.0,460.61,1903.0,503.75
V1116.jpg,249.0,800.15,1851.0,700.73
V1117.jpg,297.0,426.84,1921.0,513.13
V1118.jpg,215.0,488.74,1797.0,434.34
V1119.jpg,265.0,548.77,1893.0,500.0
V1120.jpg,249.0,464.36,1865.0,492.5
V1121.jpg,241.0,817.03,1867.0,740.12
V1122.jpg,329.0,481.24,1951.0,531.89
V1123.jpg,183.0,526.26,1837.0,445.6
V1124.jpg,239.0,787.02,1905.0,835.79
V1125.jpg,249.0,728.86,1901.0,785.14
V1126.jpg,177.0,813.28,1965.0,790.77
V1127.jpg,287.0,445.6,1925.0,453.1
V1128.jpg,241.0,494.37,1843.0,393.07
V1129.jpg,209.0,501.88,1797.0,421.21
V1130.jpg,341.0,449.35,1863.0,464.36
V1131.jpg,233.0,522.51,1847.0,447.47
V1132.jpg,283.0,732.62,1905.0,725.11
V1133.jpg,241.0,441.85,1895.0,484.99
V1134.jpg,197.0,513.13,1797.0,400.58
V1135.jpg,345.0,413.71,1951.0,473.74
V1136.jpg,283.0,803.9,1863.0,779.52
V1137.jpg,253.0,530.02,1873.0,447.47
V1138.jpg,265.0,462.48,1837.0,473.74
V1139.jpg,245.0,787.02,1891.0,796.4
V1140.jpg,203.0,805.78,1913.0,777.64
V1141.jpg,323.0,454.98,1931.0,516.88
V1142.jpg,273.0,820.79,1827.0,698.85
V1143.jpg,287.0,753.25,1887.0,757.0
V1144.jpg,265.0,458.73,1895.0,488.74
V1145.jpg,327.0,438.09,1729.0,394.95
V1146.jpg,183.0,518.76,1855.0,460.61
V1147.jpg,235.0,462.48,1849.0,443.72
V1148.jpg,245.0,526.26,1871.0,454.98
V1149.jpg,261.0,753.25,1913.0,800.15
V1150.jpg,275.0,507.5,1813.0,376.19
V1151.jpg,269.0,807.65,1907.0,768.26
V1152.jpg,219.0,813.28,1915.0,788.89
V1153.jpg,225.0,773.89,1863.0,788.89
V1154.jpg,303.0,777.64,1903.0,787.02
V1155.jpg,225.0,798.27,1895.0,732.62
V1156.jpg,261.0,742.0,1817.0,721.36
V1157.jpg,237.0,772.01,1897.0,813.28
V1158.jpg,249.0,494.37,1801.0,423.09
V1159.jpg,215.0,528.14,1881.0,434.34
V1160.jpg,253.0,501.88,1873.0,449.35
V1161.jpg,233.0,785.14,1839.0,726.99
V1162.jpg,207.0,820.79,1893.0,766.38
V1163.jpg,239.0,466.23,1843.0,451.23
V1164.jpg,181.0,466.23,1777.0,503.75
V1165.jpg,189.0,832.04,1925.0,818.91
V1166.jpg,219.0,494.37,1857.0,421.21
V1167.jpg,287.0,546.9,1909.0,513.13
V1168.jpg,227.0,820.79,1849.0,758.88
V1169.jpg,201.0,513.13,1877.0,426.84
V1170.jpg,285.0,841.42,1897.0,777.64
V1171.jpg,345.0,391.2,1845.0,483.12
V1172.jpg,293.0,515.01,1909.0,398.7
V1173.jpg,287.0,768.26,1883.0,738.24
V1174.jpg,251.0,477.49,1831.0,406.2
V1175.jpg,235.0,800.15,1867.0,807.65
V1176.jpg,265.0,466.23,1841.0,462.48
V1177.jpg,261.0,742.0,1913.0,826.41
V1178.jpg,247.0,531.89,1859.0,468.11
V1179.jpg,279.0,728.86,1877.0,794.52
V1180.jpg,255.0,541.27,1871.0,488.74
V1181.jpg,241.0,500.0,1809.0,424.96
V1182.jpg,213.0,837.67,1909.0,785.14
V1183.jpg,297.0,460.61,1869.0,511.26
V1184.jpg,221.0,488.74,1851.0,408.08
V1185.jpg,229.0,520.64,1829.0,421.21
V1186.jpg,261.0,486.87,1859.0,447.47
V1187.jpg,303.0,843.3,1929.0,766.38
V1188.jpg,283.0,443.72,1897.0,488.74
V1189.jpg,227.0,800.15,1881.0,777.64
V1190.jpg,325.0,409.95,1873.0,468.11
V1191.jpg,335.0,361.18,1949.0,486.87
V1192.jpg,321.0,423.09,1907.0,500.0
V1193.jpg,229.0,787.02,1857.0,730.74
V1194.jpg,189.0,492.5,1869.0,439.97
V1195.jpg,241.0,473.74,1897.0,466.23
V1196.jpg,247.0,481.24,1889.0,481.24
V1197.jpg,233.0,475.61,1793.0,389.32
V1198.jpg,239.0,505.63,1837.0,419.33
V1199.jpg,201.0,818.91,1861.0,755.13
V1200.jpg,289.0,734.49,1903.0,809.53
V1201.jpg,239.0,479.36,1821.0,411.83
V1202.jpg,249.0,817.03,1825.0,674.46
V1203.jpg,183.0,783.27,1949.0,777.64
V1204.jpg,285.0,439.97,1895.0,484.99
V1205.jpg,287.0,515.01,1925.0,522.51
V1206.jpg,295.0,428.71,1871.0,507.5
V1207.jpg,209.0,475.61,1859.0,471.86
V1208.jpg,299.0,462.48,1877.0,531.89
V1209.jpg,251.0,760.76,1895.0,835.79
V1210.jpg,239.0,447.47,1825.0,443.72
V1211.jpg,297.0,796.4,1873.0,777.64
V1212.jpg,223.0,464.36,1877.0,464.36
V1213.jpg,269.0,507.5,1889.0,466.23
V1214.jpg,251.0,430.59,1891.0,494.37
V1215.jpg,289.0,447.47,1907.0,473.74
V1216.jpg,291.0,432.47,1877.0,537.52
V1217.jpg,249.0,773.89,1927.0,798.27
V1218.jpg,253.0,530.02,1813.0,394.95
V1219.jpg,193.0,507.5,1859.0,417.46
V1220.jpg,171.0,490.62,1845.0,443.72
V1221.jpg,191.0,539.39,1843.0,417.46
V1222.jpg,235.0,462.48,1807.0,456.85
V1223.jpg,209.0,843.3,1917.0,794.52
V1224.jpg,317.0,458.73,1911.0,488.74
V1225.jpg,275.0,426.84,1825.0,451.23
V1226.jpg,223.0,822.66,1897.0,790.77
V1227.jpg,235.0,466.23,1845.0,439.97
V1228.jpg,227.0,524.39,1779.0,411.83
V1229.jpg,253.0,469.98,1831.0,458.73
V1230.jpg,215.0,473.74,1879.0,458.73
V1231.jpg,241.0,456.85,1857.0,438.09
V1232.jpg,349.0,706.35,1819.0,762.63
V1233.jpg,231.0,500.0,1825.0,430.59
V1234.jpg,201.0,539.39,1845.0,451.23
V1235.jpg,213.0,475.61,1861.0,466.23
V1236.jpg,231.0,777.64,1813.0,713.86
V1237.jpg,165.0,820.79,1905.0,790.77
V1238.jpg,345.0,389.32,1869.0,501.88
V1239.jpg,263.0,567.53,1801.0,496.25
V1240.jpg,203.0,790.77,1903.0,745.75
V1241.jpg,253.0,507.5,1909.0,500.0
V1242.jpg,311.0,723.24,1831.0,775.76
V1243.jpg,313.0,430.59,1895.0,528.14
V1244.jpg,227.0,501.88,1821.0,413.71
V1245.jpg,247.0,757.0,1919.0,803.9
V1246.jpg,333.0,391.2,1863.0,503.75
V1247.jpg,323.0,734.49,1871.0,751.38
V1248.jpg,189.0,503.75,1869.0,473.74
V1249.jpg,177.0,486.87,1821.0,413.71
V1250.jpg,243.0,792.65,1871.0,770.14
V1251.jpg,351.0,447.47,1867.0,509.38
V1252.jpg,305.0,394.95,1913.0,516.88
V1253.jpg,223.0,537.52,1851.0,445.6
V1254.jpg,221.0,505.63,1865.0,458.73
V1255.jpg,231.0,788.89,1863.0,788.89
V1256.jpg,239.0,832.04,1901.0,775.76
V1257.jpg,277.0,449.35,1807.0,441.85
V1258.jpg,279.0,460.61,1859.0,501.88
V1259.jpg,171.0,800.15,1859.0,698.85
V1260.jpg,225.0,494.37,1883.0,483.12
V1261.jpg,167.0,530.02,1791.0,393.07
V1262.jpg,297.0,710.11,1889.0,745.75
V1263.jpg,189.0,794.52,1973.0,794.52
V1264.jpg,215.0,584.42,1859.0,494.37
V1265.jpg,239.0,768.26,1927.0,760.76
V1266.jpg,227.0,496.25,1865.0,439.97
V1267.jpg,249.0,818.91,1893.0,787.02
V1268.jpg,215.0,522.51,1869.0,483.12
V1269.jpg,159.0,550.65,1863.0,443.72
V1270.jpg,249.0,552.53,1765.0,473.74
V1271.jpg,187.0,490.62,1853.0,417.46
V1272.jpg,319.0,492.5,1961.0,436.22
V1273.jpg,239.0,492.5,1827.0,419.33
V1274.jpg,255.0,815.16,1849.0,772.01
V1275.jpg,247.0,464.36,1903.0,483.12
V1276.jpg,219.0,513.13,1839.0,421.21
V1277.jpg,281.0,749.5,1895.0,813.28
V1278.jpg,213.0,543.15,1883.0,590.05
V1279.jpg,195.0,790.77,1881.0,730.74
V1280.jpg,189.0,520.64,1861.0,453.1
V1281.jpg,201.0,507.5,1893.0,426.84
V1282.jpg,255.0,841.42,1879.0,792.65
V1283.jpg,345.0,498.12,1987.0,606.93
V1284.jpg,169.0,535.64,1795.0,394.95
V1285.jpg,289.0,486.87,1805.0,389.32
V1286.jpg,247.0,531.89,1849.0,462.48
V1287.jpg,189.0,507.5,1799.0,419.33
V1288.jpg,209.0,843.3,1901.0,783.27
V1289.jpg,255.0,783.27,1899.0,781.39
V1290.jpg,245.0,541.27,1871.0,505.63
V1291.jpg,207.0,580.67,1867.0,522.51
V1292.jpg,203.0,826.41,1819.0,726.99
V1293.jpg,301.0,473.74,1887.0,511.26
V1294.jpg,225.0,458.73,1873.0,464.36
V1295.jpg,245.0,477.49,1895.0,445.6
V1296.jpg,223.0,758.88,1899.0,773.89
V1297.jpg,163.0,820.79,1905.0,715.73
V1298.jpg,285.0,451.23,1913.0,436.22
V1299.jpg,189.0,475.61,1843.0,415.58
V1300.jpg,299.0,473.74,1819.0,413.71
V1301.jpg,265.0,498.12,1845.0,460.61
V1302.jpg,217.0,824.54,1863.0,730.74
V1303.jpg,259.0,488.74,1825.0,434.34
V1304.jpg,225.0,847.05,1859.0,803.9
V1305.jpg,261.0,515.01,1869.0,462.48
V1306.jpg,295.0,511.26,1913.0,387.44
V1307.jpg,193.0,775.76,1887.0,751.38
V1308.jpg,173.0,809.53,1883.0,725.11
V1309.jpg,281.0,464.36,1915.0,456.85
V1310.jpg,215.0,484.99,1795.0,394.95
V1311.jpg,281.0,417.46,1919.0,484.99
V1312.jpg,267.0,766.38,1879.0,775.76
V1313.jpg,235.0,496.25,1841.0,458.73
V1314.jpg,287.0,848.92,1911.0,773.89
V1315.jpg,239.0,760.76,1875.0,749.5
V1316.jpg,297.0,481.24,1777.0,372.44
V1317.jpg,207.0,526.26,1835.0,453.1
V1318.jpg,259.0,520.64,1847.0,402.45
V1319.jpg,243.0,738.24,1933.0,777.64
V1320.jpg,259.0,518.76,1791.0,366.81
V1321.jpg,309.0,847.05,1949.0,770.14
V1322.jpg,275.0,464.36,1889.0,473.74
V1323.jpg,219.0,811.41,1875.0,755.13
V1324.jpg,217.0,471.86,1909.0,453.1
V1325.jpg,239.0,479.36,1813.0,404.33
V1326.jpg,279.0,738.24,1897.0,813.28
V1327.jpg,279.0,464.36,1891.0,503.75
V1328.jpg,309.0,700.73,1889.0,747.62
V1329.jpg,281.0,785.14,1921.0,764.51
V1330.jpg,241.0,503.75,1793.0,419.33
V1331.jpg,295.0,419.33,1867.0,473.74
V1332.jpg,321.0,698.85,1883.0,788.89
V1333.jpg,229.0,511.26,1837.0,445.6
V1334.jpg,271.0,488.74,1855.0,453.1
V1335.jpg,263.0,468.11,1857.0,469.98
V1336.jpg,309.0,441.85,1987.0,528.14
V1337.jpg,193.0,526.26,1861.0,469.98
V1338.jpg,233.0,481.24,1803.0,404.33
V1339.jpg,223.0,533.77,1817.0,445.6
V1340.jpg,303.0,728.86,1901.0,800.15
V1341.jpg,325.0,490.62,1833.0,524.39
V1342.jpg,211.0,792.65,1841.0,732.62
V1343.jpg,191.0,496.25,1887.0,449.35
V1344.jpg,209.0,535.64,1823.0,404.33
V1345.jpg,271.0,475.61,1807.0,468.11
V1346.jpg,217.0,520.64,1827.0,441.85
V1347.jpg,197.0,513.13,1857.0,473.74
V1348.jpg,263.0,560.03,1815.0,505.63
V1349.jpg,185.0,781.39,1927.0,766.38
V1350.jpg,227.0,762.63,1795.0,685.72
V1351.jpg,217.0,498.12,1871.0,469.98
V1352.jpg,287.0,447.47,1869.0,436.22
V1353.jpg,243.0,479.36,1793.0,394.95
V1354.jpg,261.0,415.58,1875.0,454.98
V1355.jpg,213.0,563.78,1837.0,443.72
V1356.jpg,361.0,379.94,1857.0,477.49
V1357.jpg,331.0,498.12,1945.0,471.86
V1358.jpg,225.0,518.76,1777.0,366.81
V1359.jpg,209.0,531.89,1837.0,424.96
V1360.jpg,231.0,837.67,1897.0,783.27
V1361.jpg,335.0,505.63,1991.0,603.18
V1362.jpg,307.0,398.7,1895.0,500.0
V1363.jpg,259.0,481.24,1883.0,454.98
V1364.jpg,209.0,492.5,1819.0,404.33
V1365.jpg,357.0,413.71,1899.0,518.76
V1366.jpg,237.0,775.76,1885.0,807.65
V1367.jpg,165.0,515.01,1811.0,402.45
V1368.jpg,193.0,484.99,1867.0,434.34
V1369.jpg,259.0,803.9,1845.0,783.27
V1370.jpg,285.0,760.76,1795.0,696.97
V1371.jpg,209.0,764.51,1957.0,783.27
V1372.jpg,241.0,492.5,1845.0,413.71
V1373.jpg,287.0,447.47,1877.0,483.12
V1374.jpg,197.0,530.02,1839.0,460.61
V1375.jpg,293.0,749.5,1897.0,822.66
V1376.jpg,245.0,507.5,1799.0,415.58
V1377.jpg,233.0,560.03,1891.0,513.13
V1378.jpg,199.0,818.91,1857.0,745.75
V1379.jpg,237.0,434.34,1861.0,496.25
V1380.jpg,279.0,458.73,1879.0,498.12
V1381.jpg,137.0,862.06,1871.0,796.4
V1382.jpg,219.0,817.03,1883.0,755.13
V1383.jpg,275.0,496.25,1797.0,451.23
V1384.jpg,193.0,531.89,1885.0,428.71
V1385.jpg,191.0,815.16,1885.0,738.24
V1386.jpg,215.0,483.12,1867.0,453.1
V1387.jpg,237.0,462.48,1885.0,488.74
V1388.jpg,373.0,597.55,1939.0,580.67
V1389.jpg,289.0,479.36,1843.0,411.83
V1390.jpg,229.0,546.9,1823.0,404.33
V1391.jpg,231.0,516.88,1781.0,409.95
V1392.jpg,225.0,783.27,1887.0,805.78
V1393.jpg,227.0,766.38,1889.0,822.66
V1394.jpg,239.0,492.5,1815.0,398.7
V1395.jpg,233.0,492.5,1815.0,419.33
V1396.jpg,235.0,469.98,1829.0,515.01
V1397.jpg,245.0,475.61,1897.0,471.86
V1398.jpg,255.0,494.37,1873.0,481.24
V1399.jpg,253.0,556.28,1879.0,505.63
V1400.jpg,219.0,473.74,1859.0,466.23
V1401.jpg,351.0,368.68,1825.0,483.12
V1402.jpg,233.0,802.03,1831.0,734.49
V1403.jpg,219.0,533.77,1827.0,439.97
V1404.jpg,271.0,526.26,1891.0,631.32
V1405.jpg,259.0,798.27,1851.0,785.14
V1406.jpg,193.0,511.26,1853.0,430.59
V1407.jpg,247.0,481.24,1737.0,372.44
V1408.jpg,279.0,466.23,1835.0,428.71
V1409.jpg,213.0,520.64,1821.0,430.59
V1410.jpg,367.0,434.34,1889.0,518.76
V1411.jpg,359.0,374.31,1823.0,468.11
V1412.jpg,253.0,543.15,1869.0,426.84
V1413.jpg,283.0,423.09,1903.0,490.62
V1414.jpg,189.0,509.38,1893.0,454.98
V1415.jpg,135.0,817.03,1863.0,717.61
V1416.jpg,305.0,458.73,1845.0,421.21
V1417.jpg,225.0,792.65,1877.0,796.4
V1418.jpg,279.0,762.63,1883.0,807.65
V1419.jpg,175.0,486.87,1867.0,466.23
V1420.jpg,285.0,490.62,1801.0,445.6
V1421.jpg,223.0,818.91,1861.0,762.63
V1422.jpg,251.0,484.99,1893.0,509.38
V1423.jpg,291.0,757.0,1883.0,740.12
V1424.jpg,261.0,760.76,1871.0,762.63
V1425.jpg,315.0,475.61,1863.0,451.23
V1426.jpg,261.0,530.02,1877.0,449.35
V1427.jpg,233.0,533.77,1821.0,451.23
V1428.jpg,257.0,494.37,1857.0,469.98
V1429.jpg,175.0,824.54,1891.0,773.89
V1430.jpg,297.0,747.62,1901.0,820.79
V1431.jpg,261.0,772.01,1877.0,764.51
V1432.jpg,221.0,462.48,1877.0,483.12
V1433.jpg,245.0,726.99,1901.0,788.89
V1434.jpg,273.0,475.61,1903.0,486.87
V1435.jpg,181.0,805.78,1897.0,740.12
V1436.jpg,337.0,430.59,1837.0,453.1
V1437.jpg,311.0,402.45,1867.0,496.25
V1438.jpg,307.0,462.48,1877.0,524.39
V1439.jpg,369.0,428.71,1901.0,522.51
V1440.jpg,269.0,462.48,1855.0,475.61
V1441.jpg,293.0,454.98,1883.0,488.74
V1442.jpg,239.0,492.5,1877.0,441.85
V1443.jpg,191.0,848.92,1853.0,758.88
V1444.jpg,317.0,447.47,1891.0,477.49
V1445.jpg,165.0,826.41,1893.0,805.78
V1446.jpg,281.0,743.87,1899.0,813.28
V1447.jpg,261.0,518.76,1883.0,466.23
V1448.jpg,239.0,454.98,1847.0,438.09
V1449.jpg,223.0,535.64,1881.0,466.23
V1450.jpg,237.0,526.26,1783.0,436.22
V1451.jpg,243.0,475.61,1777.0,379.94
V1452.jpg,263.0,779.52,1875.0,730.74
V1453.jpg,335.0,436.22,1871.0,500.0
V1454.jpg,197.0,773.89,1917.0,760.76
V1455.jpg,269.0,445.6,1811.0,408.08
V1456.jpg,247.0,755.13,1879.0,755.13
V1457.jpg,305.0,488.74,1817.0,430.59
V1458.jpg,229.0,818.91,1889.0,773.89
V1459.jpg,185.0,537.52,1855.0,439.97
V1460.jpg,243.0,481.24,1841.0,415.58
V1461.jpg,207.0,511.26,1869.0,453.1
V1462.jpg,329.0,507.5,1701.0,383.69
V1463.jpg,363.0,441.85,1975.0,522.51
V1464.jpg,145.0,548.77,1865.0,468.11
V1465.jpg,219.0,820.79,1897.0,773.89
V1466.jpg,193.0,787.02,1857.0,683.84
V1467.jpg,271.0,758.88,1853.0,740.12
V1468.jpg,255.0,488.74,1853.0,415.58
V1469.jpg,367.0,378.06,1797.0,468.11
V1470.jpg,303.0,753.25,1917.0,790.77
V1471.jpg,227.0,528.14,1885.0,484.99
V1472.jpg,187.0,505.63,1881.0,439.97
V1473.jpg,235.0,783.27,1883.0,730.74
V1474.jpg,381.0,411.83,1903.0,501.88
V1475.jpg,351.0,413.71,1935.0,500.0
V1476.jpg,375.0,368.68,1857.0,498.12
V1477.jpg,275.0,751.38,1905.0,802.03
V1478.jpg,241.0,531.89,1847.0,464.36
V1479.jpg,209.0,590.05,1819.0,456.85
V1480.jpg,201.0,826.41,1921.0,788.89
V1481.jpg,319.0,443.72,1893.0,479.36
V1482.jpg,271.0,462.48,1901.0,462.48
V1483.jpg,267.0,466.23,1849.0,454.98
V1484.jpg,197.0,554.4,1837.0,458.73
V1485.jpg,281.0,747.62,1831.0,751.38
V1486.jpg,375.0,439.97,1983.0,454.98
V1487.jpg,277.0,441.85,1873.0,513.13
V1488.jpg,299.0,762.63,1807.0,702.6
V1489.jpg,217.0,500.0,1867.0,426.84
V1490.jpg,193.0,494.37,1849.0,445.6
V1491.jpg,191.0,535.64,1881.0,468.11
V1492.jpg,185.0,845.17,1933.0,818.91
V1493.jpg,325.0,409.95,1857.0,453.1
V1494.jpg,197.0,556.28,1853.0,473.74
V1495.jpg,233.0,468.11,1859.0,475.61
V1496.jpg,237.0,524.39,1807.0,443.72
V1497.jpg,253.0,430.59,1877.0,511.26
V1498.jpg,367.0,396.82,1905.0,462.48
V1499.jpg,287.0,421.21,1907.0,466.23
V1500.jpg,317.0,454.98,1797.0,421.21
V1501.jpg,227.0,477.49,1877.0,449.35
V1502.jpg,201.0,820.79,1849.0,757.0
V1503.jpg,271.0,753.25,1899.0,824.54
V1504.jpg,209.0,531.89,1831.0,409.95
V1505.jpg,401.0,578.79,1955.0,593.8
V1506.jpg,305.0,723.24,1895.0,777.64
V1507.jpg,217.0,515.01,1831.0,443.72
V1508.jpg,313.0,468.11,1887.0,522.51
V1509.jpg,225.0,569.41,1725.0,484.99
V1510.jpg,247.0,477.49,1857.0,466.23
V1511.jpg,257.0,803.9,1849.0,698.85
V1512.jpg,309.0,430.59,1873.0,481.24
V1513.jpg,163.0,820.79,1937.0,738.24
V1514.jpg,165.0,818.91,1835.0,762.63
V1515.jpg,241.0,483.12,1891.0,432.47
V1516.jpg,237.0,503.75,1895.0,441.85
V1517.jpg,293.0,466.23,1875.0,533.77
V1518.jpg,353.0,378.06,1837.0,468.11
V1519.jpg,229.0,458.73,1843.0,441.85
V1520.jpg,269.0,758.88,1885.0,775.76
V1521.jpg,243.0,768.26,1809.0,723.24
V1522.jpg,233.0,788.89,1877.0,721.36
V1523.jpg,327.0,372.44,1889.0,518.76
V1524.jpg,193.0,507.5,1861.0,466.23
V1525.jpg,247.0,753.25,1919.0,818.91
V1526.jpg,259.0,751.38,1883.0,766.38
V1527.jpg,243.0,766.38,1895.0,811.41
V1528.jpg,291.0,453.1,1925.0,443.72
V1529.jpg,273.0,794.52,1871.0,798.27
V1530.jpg,213.0,835.79,1931.0,785.14
V1531.jpg,191.0,533.77,1921.0,458.73
V1532.jpg,295.0,402.45,1919.0,509.38
V1533.jpg,237.0,627.56,1785.0,500.0
V1534.jpg,289.0,449.35,1855.0,426.84
V1535.jpg,249.0,477.49,1839.0,515.01
V1536.jpg,327.0,432.47,1875.0,500.0
V1537.jpg,217.0,492.5,1847.0,424.96
V1538.jpg,187.0,509.38,1851.0,430.59
V1539.jpg,141.0,830.17,1849.0,719.48
V1540.jpg,295.0,787.02,1867.0,790.77
V1541.jpg,337.0,402.45,1881.0,479.36
V1542.jpg,233.0,802.03,1863.0,764.51
V1543.jpg,305.0,443.72,1917.0,511.26
V1544.jpg,183.0,492.5,1819.0,409.95
V1545.jpg,291.0,421.21,1867.0,456.85
V1546.jpg,211.0,787.02,1875.0,726.99
V1547.jpg,361.0,603.18,1939.0,575.04
V1548.jpg,235.0,451.23,1881.0,484.99
V1549.jpg,215.0,773.89,1897.0,749.5
V1550.jpg,199.0,533.77,1801.0,436.22
V1551.jpg,249.0,531.89,1801.0,391.2
V1552.jpg,251.0,483.12,1861.0,496.25
V1553.jpg,315.0,428.71,1857.0,451.23
V1554.jpg,211.0,494.37,1835.0,445.6
V1555.jpg,327.0,492.5,1709.0,383.69
V1556.jpg,291.0,436.22,1893.0,484.99
V1557.jpg,197.0,815.16,1859.0,796.4
V1558.jpg,285.0,441.85,1933.0,526.26
V1559.jpg,215.0,805.78,1873.0,792.65
V1560.jpg,321.0,394.95,1831.0,466.23
V1561.jpg,289.0,439.97,1895.0,516.88
V1562.jpg,295.0,430.59,1899.0,481.24
V1563.jpg,275.0,488.74,1875.0,520.64
V1564.jpg,241.0,475.61,1887.0,462.48
V1565.jpg,213.0,807.65,1923.0,794.52
V1566.jpg,203.0,522.51,1851.0,406.2
V1567.jpg,175.0,522.51,1871.0,473.74
V1568.jpg,265.0,477.49,1841.0,447.47
V1569.jpg,241.0,477.49,1895.0,486.87
V1570.jpg,253.0,813.28,1891.0,757.0
V1571.jpg,291.0,449.35,1867.0,488.74
V1572.jpg,233.0,451.23,1889.0,500.0
V1573.jpg,339.0,398.7,1863.0,496.25
V1574.jpg,259.0,471.86,1911.0,439.97
V1575.jpg,253.0,751.38,1895.0,730.74
V1576.jpg,213.0,520.64,1773.0,389.32
V1577.jpg,173.0,530.02,1863.0,447.47
V1578.jpg,341.0,394.95,1777.0,445.6
V1579.jpg,365.0,406.2,1899.0,513.13
V1580.jpg,345.0,383.69,1829.0,462.48
V1581.jpg,319.0,438.09,1733.0,413.71
V1582.jpg,329.0,473.74,1839.0,531.89
V1583.jpg,249.0,815.16,1873.0,738.24
V1584.jpg,313.0,445.6,1835.0,490.62
V1585.jpg,319.0,374.31,1963.0,498.12
V1586.jpg,231.0,477.49,1877.0,456.85
V1587.jpg,157.0,835.79,1855.0,781.39
V1588.jpg,243.0,773.89,1875.0,777.64
V1589.jpg,291.0,468.11,1839.0,432.47
V1590.jpg,305.0,445.6,1881.0,546.9
V1591.jpg,215.0,781.39,1871.0,683.84
V1592.jpg,471.0,520.64,1991.0,627.56
V1593.jpg,287.0,451.23,1925.0,441.85
V1594.jpg,213.0,516.88,1901.0,443.72
V1595.jpg,265.0,807.65,1865.0,785.14
V1596.jpg,189.0,571.29,1871.0,558.15
V1597.jpg,253.0,477.49,1899.0,441.85
V1598.jpg,259.0,764.51,1877.0,839.55
V1599.jpg,233.0,785.14,1921.0,792.65
V1600.jpg,319.0,447.47,1887.0,479.36
